"source","target","value"
"Access Board","University of Illinois at Chicago",44863.92
"Administration for Children and Families","Teachers College of San Joaquin",20446452
"Administration for Children and Families","Education and Technology Institute",15478645
"Administration for Children and Families","Southern Illinois University-Edwardsville",12046610
"Administration for Children and Families","Fort Valley State University",9242062
"Administration for Children and Families","Mt Hood Community College",9047587
"Administration for Community Living","University of Massachusetts-Boston",1493582
"Administration on Aging","University of Illinois at Chicago",4750655
"Administration on Aging","University of Washington",4427332
"Administration on Aging","University of Pittsburgh-Pittsburgh Campus",4210179
"Administration on Aging","University of Alabama at Birmingham",3950329
"Administration on Aging","Georgia Institute of Technology-Main Campus",3949476
"Agency for Healthcare Research and Quality","Oregon Health & Science University",13023259
"Agency for Healthcare Research and Quality","University of Michigan-Ann Arbor",8414653
"Agency for Healthcare Research and Quality","Northwestern University",7165885
"Agency for Healthcare Research and Quality","Pardee RAND Graduate School",6644377.01
"Agency for Healthcare Research and Quality","University of California-San Francisco",6453197
"Agency for International Development","Johns Hopkins University",96143077
"Agency for International Development","University of North Carolina at Chapel Hill",60036608
"Agency for International Development","University of California-Davis",29819065
"Agency for International Development","Michigan State University",25012898
"Agency for International Development","SIT Graduate Institute",24851422.54
"Agricultural Marketing Service","Cornell University",98479
"Agricultural Marketing Service","University of Delaware",87261
"Agricultural Marketing Service","Georgetown University",23900
"Agricultural Research Service","Baylor College of Medicine",12960500
"Agricultural Research Service","Tufts University",11708036
"Agricultural Research Service","Mississippi State University",10101135
"Agricultural Research Service","Cornell University",8093977.51
"Agricultural Research Service","Washington State University",6400830.02
"Animal and Plant Health Inspection Service","North Carolina State University at Raleigh",4570953
"Animal and Plant Health Inspection Service","Iowa State University",3713722.25
"Animal and Plant Health Inspection Service","University of Georgia",2801696.92
"Animal and Plant Health Inspection Service","University of California-Davis",1437036.94
"Animal and Plant Health Inspection Service","Colorado State University-Fort Collins",1188728.11
"Assistant Secretary for Community Planning and Development","University of Nebraska-Lincoln",347500.26
"Assistant Secretary for Community Planning and Development","University of Southern Mississippi",299864
"Assistant Secretary for Community Planning and Development","Southeastern Louisiana University",145496.62
"Assistant Secretary for Community Planning and Development","The University of Tennessee-Knoxville",132282
"Assistant Secretary for Fair Housing and Equal Opportunity","The John Marshall Law School",425000
"Assistant Secretary for Fair Housing and Equal Opportunity","Suffolk University",299935.47
"Assistant Secretary for Housing--Federal Housing Commissioner","Brighton Center's Center for Employment Training",507245
"Assistant Secretary for Housing--Federal Housing Commissioner","Ohio Valley University",495534
"Assistant Secretary for Policy Development and Research","Johns Hopkins University",1694734.99
"Assistant Secretary for Policy Development and Research","University of North Carolina at Chapel Hill",571494
"Assistant Secretary for Policy Development and Research","Temple University",308660
"Assistant Secretary for Policy Development and Research","University of Idaho",243763
"Assistant Secretary for Policy Development and Research","West Virginia University",112500
"Assistant Secretary for Public and Indian Housing","Marquette University",1300000
"Bureau of Alcohol, Tobacco, Firearms and Explosives Acquisition and Property Management Division","Johns Hopkins University",545169.28
"Bureau of Alcohol, Tobacco, Firearms and Explosives Acquisition and Property Management Division","Missouri University of Science and Technology",471313.8
"Bureau of Alcohol, Tobacco, Firearms and Explosives Acquisition and Property Management Division","Oklahoma State University",281738.26
"Bureau of Alcohol, Tobacco, Firearms and Explosives Acquisition and Property Management Division","Central Michigan University",36504
"Bureau of Alcohol, Tobacco, Firearms and Explosives Acquisition and Property Management Division","University of Notre Dame",27687
"Bureau of Engraving and Printing","Tarrant County College District",28995
"Bureau of Indian Affairs and Bureau of Indian Education","Dine College",13962434
"Bureau of Indian Affairs and Bureau of Indian Education","Oglala Lakota College",8419634
"Bureau of Indian Affairs and Bureau of Indian Education","Northwest Indian College",5572714
"Bureau of Indian Affairs and Bureau of Indian Education","Turtle Mountain Community College",5569530
"Bureau of Indian Affairs and Bureau of Indian Education","Salish Kootenai College",5131354
"Bureau of Labor Statistics","Ohio State University",11942226.82
"Bureau of Labor Statistics","University of Chicago",270354
"Bureau of Labor Statistics","University of Wisconsin-Madison",121522.67
"Bureau of Land Management","Oregon State University",2287068.29
"Bureau of Land Management","Utah State University",2195670.6
"Bureau of Land Management","University of Alaska Anchorage",2064629.84
"Bureau of Land Management","Saint Mary's University of Minnesota",1751417.35
"Bureau of Land Management","University of Nevada-Reno",1344871.71
"Bureau of Ocean Energy Management","University of New Hampshire-Main Campus",1089911
"Bureau of Ocean Energy Management","University of North Carolina Wilmington",1043497
"Bureau of Ocean Energy Management","University of Alaska Fairbanks",1028077.22
"Bureau of Ocean Energy Management","University of California-Santa Cruz",884000
"Bureau of Ocean Energy Management","University of Rhode Island",827802
"Bureau of Reclamation","California State University-Chico",3410000
"Bureau of Reclamation","University of California-Santa Cruz",3380362.43
"Bureau of Reclamation","University of California-Davis",3327242.94
"Bureau of Reclamation","Colorado State University-Fort Collins",1634965
"Bureau of Reclamation","University of Colorado Boulder",1212908.73
"Bureau of Safety and Environmental Enforcement","University of Alaska Anchorage",100000
"Bureau of the Fiscal Service","California Institute of Technology",399261
"Bureau of the Fiscal Service","Auburn University",9660
"Bureau of the Fiscal Service","Massachusetts Institute of Technology",3900
"Centers for Disease Control and Prevention","Columbia University in the City of New York",168144310.87
"Centers for Disease Control and Prevention","University of Maryland, Baltimore",89744043
"Centers for Disease Control and Prevention","University of Chicago",45617634.02
"Centers for Disease Control and Prevention","Icahn School of Medicine at Mount Sinai",42876481.46
"Centers for Disease Control and Prevention","University of Washington",41279066.59
"Centers for Medicare and Medicaid Services","University of Chicago",39098880.67
"Centers for Medicare and Medicaid Services","Pardee RAND Graduate School",30680174.82
"Centers for Medicare and Medicaid Services","Indiana University-Bloomington",16005504
"Centers for Medicare and Medicaid Services","University of Washington",6290981
"Centers for Medicare and Medicaid Services","University of Massachusetts Medical School Worcester",5722347
"Consumer Financial Protection Bureau","Pardee RAND Graduate School",270415
"Consumer Financial Protection Bureau","Gettysburg College",44882.2
"Consumer Product Safety Commission","University of Michigan-Ann Arbor",1034616
"Consumer Product Safety Commission","University of Cincinnati",767885.6
"Consumer Product Safety Commission","University of Arkansas for Medical Sciences",248432
"Consumer Product Safety Commission","University of Arizona",135225
"Consumer Product Safety Commission","Mercy Hospital School of Nursing",82099.48
"Corporation for National and Community Service","Arizona State University-Tempe",6373942
"Corporation for National and Community Service","University of Maryland-College Park",5347108
"Corporation for National and Community Service","University of Hawaii at Manoa",3116587
"Corporation for National and Community Service","Western Washington University",2440578
"Corporation for National and Community Service","Allegheny College",1448667
"Defense Advanced Research Projects Agency","Johns Hopkins University",31402822.87
"Defense Advanced Research Projects Agency","Massachusetts Institute of Technology",30492339.23
"Defense Advanced Research Projects Agency","University of Southern California",27188451
"Defense Advanced Research Projects Agency","Georgia Institute of Technology-Main Campus",16208563.81
"Defense Advanced Research Projects Agency","Vanderbilt University",11858423
"Defense Contract Audit Agency","Harvard University",251440
"Defense Contract Audit Agency","University of Pennsylvania",162500
"Defense Contract Audit Agency","Northwestern University",156500
"Defense Contract Audit Agency","Pennsylvania State University",150500
"Defense Contract Audit Agency","University of Virginia",140744.39
"Defense Health Agency","University of Pittsburgh-Pittsburgh Campus",8811342.88
"Defense Health Agency","University of Central Florida",7657866
"Defense Health Agency","Charles R Drew University of Medicine and Science",1532691
"Defense Health Agency","University of New Mexico-Main Campus",782611
"Defense Health Agency","University of Pennsylvania",733396
"Defense Information Systems Agency","Texas A & M University-College Station",14752.52
"Defense Intelligence Agency","Rutgers University-New Brunswick",2000000
"Defense Intelligence Agency","The University of Texas at San Antonio",2000000
"Defense Intelligence Agency","University of Alabama in Huntsville",2000000
"Defense Intelligence Agency","University of New Mexico-Main Campus",2000000
"Defense Intelligence Agency","Florida International University",1996720
"Defense Logistics Agency","University of Dayton",1500000
"Defense Logistics Agency","Wichita State University",873065
"Defense Logistics Agency","University of Northern Iowa",808000
"Defense Logistics Agency","The University of Tennessee-Knoxville",764880
"Defense Logistics Agency","Georgia Institute of Technology-Main Campus",750000
"Defense Media Activity","University of Southern California",3978783
"Defense Media Activity","Syracuse University",985421
"Defense Microelectronics Activity","University of Michigan-Ann Arbor",545328
"Defense Security Service","Georgia Institute of Technology-Main Campus",459354
"Defense Threat Reduction Agency","University of Alaska Fairbanks",4370868
"Defense Threat Reduction Agency","University of Washington",4103979.98
"Defense Threat Reduction Agency","University of Pittsburgh-Pittsburgh Campus",4070253
"Defense Threat Reduction Agency","Northwestern University",3979241
"Defense Threat Reduction Agency","University of California-Irvine",3942534.84
"Department of Agriculture","Iowa State University",3195.54
"Department of Defense","Georgia Institute of Technology-Main Campus",132543962
"Department of Defense","Johns Hopkins University",75650584.32
"Department of Defense","Pardee RAND Graduate School",61795381.29
"Department of Defense","Massachusetts Institute of Technology",39809126.65
"Department of Defense","Stevens Institute of Technology",8451508.59
"Department of Defense Education Activity","The University of Texas at Austin",2918674.31
"Department of Defense Education Activity","University of Wisconsin-Madison",306000
"Department of Defense Education Activity","Orange Ulster BOCES-Practical Nursing Program",32997
"Department of Defense Education Activity","Temple University",24960
"Department of Defense Education Activity","Washington State University",1425.61
"Department of Education","University of Massachusetts-Boston",45870012.62
"Department of Education","Berea College",43035709
"Department of Education","Baton Rouge Community College",34427861.88
"Department of Education","Madison Area Technical College",29672843.16
"Department of Education","The University of Texas at Austin",25333591.19
"Department of Energy","University of California-Berkeley",1021148682.46
"Department of Energy","Stanford University",581413792.52
"Department of Energy","University of California-System Administration Central Office",144998505
"Department of Energy","Princeton University",138217488.87
"Department of Energy","Michigan State University",122401867.37
"Department of Homeland Security","Texas A & M University-College Station",3850604
"Department of Homeland Security","University of Illinois at Urbana-Champaign",3500000
"Department of Homeland Security","Stevens Institute of Technology",2723000
"Department of Homeland Security","University of Mississippi Medical Center",1999998
"Department of Homeland Security","Arizona State University-Tempe",775151
"Department of Housing and Urban Development","University of Chicago",71523
"Department of State","SIT Graduate Institute",45979190
"Department of State","Georgetown University",23031097
"Department of State","Northern Virginia Community College",5375000
"Department of State","University of South Carolina-Beaufort",5192523
"Department of State","University of Georgia",4324588
"Department of the Air Force","Massachusetts Institute of Technology",956096435.71
"Department of the Air Force","California Institute of Technology",296016973.52
"Department of the Air Force","Carnegie Mellon University",144448862.15
"Department of the Air Force","University of Dayton",121977156.58
"Department of the Air Force","Georgia Institute of Technology-Main Campus",119284187.45
"Department of the Army","Johns Hopkins University",75866275.88
"Department of the Army","Georgia Institute of Technology-Main Campus",72587595.1
"Department of the Army","Colorado State University-Fort Collins",48555048.56
"Department of the Army","University of Southern California",43199346.97
"Department of the Army","University of Michigan-Ann Arbor",38952524.69
"Department of the Interior","University of Southern Mississippi",991667
"Department of the Navy","Johns Hopkins University",596754817.36
"Department of the Navy","Pennsylvania State University",216712337
"Department of the Navy","The University of Texas at Austin",95793942.17
"Department of the Navy","Georgia Institute of Technology-Main Campus",62480484.16
"Department of the Navy","University of Washington",47641615.6
"Department of Veterans Affairs","University of Texas Southwestern Medical Center",14817754.43
"Department of Veterans Affairs","Vanderbilt University",12459849.31
"Department of Veterans Affairs","Loma Linda University",9201633.73
"Department of Veterans Affairs","Oregon Health & Science University",9036410.08
"Department of Veterans Affairs","University of Louisville",8384174.53
"Departmental Offices","University of California-Berkeley",4042328.96
"Departmental Offices","Montana State University",2719770
"Departmental Offices","University of California-Davis",2395649
"Departmental Offices","University of Pennsylvania",2015089.5
"Departmental Offices","Ohio State University",1969923
"Domestic Nuclear Detection Office","Johns Hopkins University",7004859
"Domestic Nuclear Detection Office","Pardee RAND Graduate School",89000
"Drug Enforcement Administration","University of North Texas Health Science Center",168793.86
"Drug Enforcement Administration","Virginia Commonwealth University",150378
"Drug Enforcement Administration","Temple University",106837
"Drug Enforcement Administration","Indian River State College",26306.76
"Drug Enforcement Administration","Ohio State University",19224
"Economic Development Administration","Peralta Community College System Office",3000000
"Economic Development Administration","Oregon Institute of Technology",2984514
"Economic Development Administration","Shawnee State University",2793392
"Economic Development Administration","Kentucky Community and Technical College System",2561376
"Economic Development Administration","Universidad del Sagrado Corazon",2315000
"Economic Research Service","University of Chicago",621334
"Economic Research Service","Tufts University",615000
"Economic Research Service","George Mason University",479995.76
"Economic Research Service","Virginia Polytechnic Institute and State University",460000
"Economic Research Service","New York University",350000
"Employment and Training Administration","John Tyler Community College",39918752.78
"Employment and Training Administration","Oklahoma State University",24208685.56
"Employment and Training Administration","South Louisiana Community College",1223892
"Employment and Training Administration","American Indian OIC Inc",250182
"Employment and Training Administration","Little Big Horn College",240587
"Environmental Protection Agency","University of North Carolina at Chapel Hill",9110446.4
"Environmental Protection Agency","University of California-Davis",4856322.84
"Environmental Protection Agency","Yale University",3955000
"Environmental Protection Agency","Northern Arizona University",3537604
"Environmental Protection Agency","Harvard University",3050000
"Equal Employment Opportunity Commission","University of Chicago",1299984.22
"Equal Employment Opportunity Commission","New York Law School",14680
"Executive Office of the President","Johns Hopkins University",1237087
"Executive Office of the President","Purdue University-Main Campus",42270
"Executive Office of the President","Georgetown University",16800
"Farm Service Agency","Iowa State University",239982
"Farm Service Agency","Purdue University-Main Campus",163390
"Farm Service Agency","Virginia Polytechnic Institute and State University",110000
"Farm Service Agency","Kansas State University",5000
"Federal Aviation Administration","Wichita State University",2403469
"Federal Aviation Administration","Ohio University",1541371.61
"Federal Aviation Administration","Ohio State University",1514053
"Federal Aviation Administration","Georgia Institute of Technology-Main Campus",1152499
"Federal Aviation Administration","Massachusetts Institute of Technology",1150000
"Federal Bureau of Investigation","University of Arizona",507596.65
"Federal Bureau of Investigation","Iowa State University",145592.52
"Federal Bureau of Investigation","Middlebury College",134375
"Federal Bureau of Investigation","Massachusetts Institute of Technology",98968
"Federal Bureau of Investigation","Carnegie Mellon University",68468.31
"Federal Communications Commission","University of Chicago",8638
"Federal Emergency Management Agency","Pardee RAND Graduate School",56778614.69
"Federal Emergency Management Agency","Texas A & M University-College Station",29711091.49
"Federal Emergency Management Agency","Louisiana State University",22342305
"Federal Emergency Management Agency","New Mexico Institute of Mining and Technology",22000000
"Federal Emergency Management Agency","University of Hawaii at Manoa",5000000
"Federal Energy Regulatory Commission","George Mason University",97649
"Federal Energy Regulatory Commission","The University of Tennessee-Knoxville",5000
"Federal Highway Administration","Texas A & M University-College Station",5620453.7
"Federal Highway Administration","University of Virginia",4660000
"Federal Highway Administration","Iowa State University",2538904
"Federal Highway Administration","George Mason University",2305011.98
"Federal Highway Administration","University of North Carolina at Chapel Hill",2177862.63
"Federal Motor Carrier Safety Administration","Texas A & M University-College Station",620066
"Federal Motor Carrier Safety Administration","The University of Tennessee-Knoxville",300000
"Federal Motor Carrier Safety Administration","University of Massachusetts-Amherst",299862
"Federal Motor Carrier Safety Administration","Virginia Polytechnic Institute and State University",204949.6
"Federal Motor Carrier Safety Administration","Northampton County Area Community College",138397
"Federal Prison System / Bureau of Prisons","University of Massachusetts Medical School Worcester",42754253.32
"Federal Prison System / Bureau of Prisons","University of North Texas Health Science Center",33133902.46
"Federal Prison System / Bureau of Prisons","Mayo Clinic School of Medicine",11459977.46
"Federal Prison System / Bureau of Prisons","West Virginia University",8789207.32
"Federal Prison System / Bureau of Prisons","University of Florida",826470.27
"Federal Railroad Administration","Massachusetts Institute of Technology",499999.1
"Federal Railroad Administration","University of California-San Diego",424908.61
"Federal Railroad Administration","Rutgers University-New Brunswick",413923.8
"Federal Railroad Administration","Kansas State University",400012
"Federal Railroad Administration","University of Illinois at Urbana-Champaign",330619
"Federal Trade Commission","Mayo Clinic School of Medicine",23600
"Federal Trade Commission","Georgetown University",16450
"Federal Trade Commission","George Mason University",8034
"Federal Trade Commission","American University",4740
"Federal Transit Administration","Pennsylvania State University",7278842
"Federal Transit Administration","Rutgers University-New Brunswick",5009000
"Federal Transit Administration","University of South Florida",4174922.84
"Federal Transit Administration","Sitting Bull College",1431394
"Federal Transit Administration","University of Iowa",1185941
"Food and Drug Administration","Duke University",6120251
"Food and Drug Administration","Illinois Institute of Technology",5355563
"Food and Drug Administration","University of California-San Francisco",4683380
"Food and Drug Administration","University of Mississippi",4312560
"Food and Drug Administration","University of North Carolina at Chapel Hill",3937850
"Food and Nutrition Service","University of Mississippi",8008976.86
"Food and Nutrition Service","University of Kentucky",1499959
"Food and Nutrition Service","Kansas State University",646366
"Food and Nutrition Service","Suncoast Technical College",100000
"Food and Nutrition Service","Eastern Washington University",99965
"Food Safety and Inspection Service","University of Iowa",255200
"Food Safety and Inspection Service","University of Minnesota-Twin Cities",240000
"Food Safety and Inspection Service","Clemson University",217541.71
"Food Safety and Inspection Service","Mississippi State University",89500
"Food Safety and Inspection Service","Louisiana State University",83000
"Foreign Agricultural Service","University of Rhode Island",1967054.35
"Foreign Agricultural Service","University of California-Davis",1860718.5
"Foreign Agricultural Service","University of Minnesota-Twin Cities",344163.8
"Foreign Agricultural Service","Oklahoma State University",343905.2
"Foreign Agricultural Service","Texas Tech University",285999.47
"Forest Service","Colorado State University-Fort Collins",16484818.38
"Forest Service","Texas A & M University-College Station",7003243.57
"Forest Service","Oregon State University",5590924.96
"Forest Service","The University of Montana",4279260.86
"Forest Service","University of Washington",3313327.76
"General Services Administration","Rensselaer Polytechnic Institute",95000
"Health Resources and Services Administration","University of Washington",41249454
"Health Resources and Services Administration","University of California-San Francisco",22330561
"Health Resources and Services Administration","University of Illinois at Chicago",17041322.61
"Health Resources and Services Administration","Rutgers University-New Brunswick",14557885
"Health Resources and Services Administration","University of North Carolina at Chapel Hill",14408920
"Immediate Office of the Secretary of Transportation","Carnegie Mellon University",2833700
"Immediate Office of the Secretary of Transportation","Portland State University",2833700
"Immediate Office of the Secretary of Transportation","University of California-Davis",2833700
"Immediate Office of the Secretary of Transportation","University of North Carolina at Chapel Hill",2833700
"Immediate Office of the Secretary of Transportation","Virginia Polytechnic Institute and State University",2833700
"Indian Health Service","Oklahoma State University",2858381.73
"Indian Health Service","University of California-San Francisco",2515518.95
"Indian Health Service","University of North Dakota",1278132
"Indian Health Service","University of New Mexico-Main Campus",1260889.6
"Indian Health Service","Johns Hopkins University",1193420
"Institute of Museum and Library Services","University of Georgia",4638552
"Institute of Museum and Library Services","Thomas Edison State University",4320859
"Institute of Museum and Library Services","Indiana University-Bloomington",1664413
"Institute of Museum and Library Services","University of Michigan-Ann Arbor",1350461
"Institute of Museum and Library Services","University of California-Berkeley",1337179
"Insular Affairs","American Samoa Community College",1384234
"Insular Affairs","University of Hawaii at Manoa",497738
"Insular Affairs","Nova Southeastern University",199617.83
"Internal Revenue Service","University of Illinois at Urbana-Champaign",221999
"Internal Revenue Service","California State University-Northridge",188000
"Internal Revenue Service","American University",100000
"Internal Revenue Service","California Polytechnic State University-San Luis Obispo",100000
"Internal Revenue Service","Chapman University",100000
"International Boundary and Water Commission: U.S.-Mexico","University of Colorado Boulder",6560
"International Boundary and Water Commission: U.S.-Mexico","Laredo Community College",3000
"International Trade Administration","Purdue University-Main Campus",117930.83
"International Trade Commission","George Mason University",69843.78
"International Trade Commission","Purdue University-Main Campus",20435
"Maritime Administration","California State University Maritime Academy",443296.74
"Maritime Administration","Massachusetts Maritime Academy",411750
"Maritime Administration","Maine Maritime Academy",309000
"Maritime Administration","SUNY Maritime College",215661.68
"Maritime Administration","Northwestern Michigan College",172000
"Millennium Challenge Corporation","Pardee RAND Graduate School",408566
"Millennium Challenge Corporation","Harvard University",51613
"Millennium Challenge Corporation","Columbia University in the City of New York",6350
"Mine Safety and Health Administration","The University of Texas at Austin",509459.06
"Mine Safety and Health Administration","Vincennes University",260255.77
"Mine Safety and Health Administration","Michigan Technological University",252812
"Mine Safety and Health Administration","Bevill State Community College",242189
"Mine Safety and Health Administration","Utah State University",227914
"Minority Business Development Agency","Houston Community College",821775
"Minority Business Development Agency","Tougaloo College",695412
"Minority Business Development Agency","The University of Texas at San Antonio",577066
"Minority Business Development Agency","Georgia Institute of Technology-Main Campus",569088
"Minority Business Development Agency","Clark Atlanta University",499497
"Missile Defense Agency","Johns Hopkins University",123290763.84
"Missile Defense Agency","Utah State University",26037130.99
"Missile Defense Agency","Georgia Institute of Technology-Main Campus",23373415.5
"Missile Defense Agency","Massachusetts Institute of Technology",7026334
"Missile Defense Agency","University of Alabama in Huntsville",760973.35
"National Aeronautics and Space Administration","California Institute of Technology",2426194273.89
"National Aeronautics and Space Administration","Johns Hopkins University",294187817.57
"National Aeronautics and Space Administration","Harvard University",79349937.44
"National Aeronautics and Space Administration","University of Colorado Boulder",74162197.49
"National Aeronautics and Space Administration","University of Maryland-College Park",52943660.51
"National Agricultural Statistics Service","Virginia Polytechnic Institute and State University",500000
"National Agricultural Statistics Service","Cornell University",295220
"National Agricultural Statistics Service","University of Florida",129990
"National Agricultural Statistics Service","University of Nebraska-Lincoln",115000
"National Agricultural Statistics Service","University of Chicago",77313.8
"National Archives and Records Administration","Southern Methodist University",2290768.7
"National Archives and Records Administration","Texas A & M University-College Station",2085948.38
"National Archives and Records Administration","The University of Texas at Austin",539925.91
"National Archives and Records Administration","University of Michigan-Ann Arbor",504840.72
"National Archives and Records Administration","Rochester Institute of Technology",78878
"National Endowment for the Arts","Indiana University-Bloomington",235000
"National Endowment for the Arts","University of Michigan-Ann Arbor",180515
"National Endowment for the Arts","University of Rochester",160000
"National Endowment for the Arts","Universidad del Sagrado Corazon",150000
"National Endowment for the Arts","University of California-San Francisco",150000
"National Endowment for the Humanities","University of Arizona",1082979
"National Endowment for the Humanities","University of California-Berkeley",984581
"National Endowment for the Humanities","University of Virginia",972501
"National Endowment for the Humanities","University of Maryland-College Park",805996
"National Endowment for the Humanities","Northwestern University",786987.63
"National Geospatial-Intelligence Agency","California Institute of Technology",1083902
"National Highway Traffic Safety Administration","University of Michigan-Ann Arbor",5451388.53
"National Highway Traffic Safety Administration","Virginia Polytechnic Institute and State University",2082020.57
"National Highway Traffic Safety Administration","University of Utah",1798862
"National Highway Traffic Safety Administration","Medical College of Wisconsin",1504127.4
"National Highway Traffic Safety Administration","Emory University",948341
"National Historical Publications and Records Commission","University of Virginia",670905.67
"National Historical Publications and Records Commission","University of California-Merced",308900
"National Historical Publications and Records Commission","University of North Carolina at Greensboro",294603
"National Historical Publications and Records Commission","University of Georgia",256280
"National Historical Publications and Records Commission","Purdue University-Main Campus",250000
"National Institute of Food and Agriculture","University of Florida",35409665.56
"National Institute of Food and Agriculture","Michigan State University",26212151.92
"National Institute of Food and Agriculture","University of Minnesota-Twin Cities",26168313.75
"National Institute of Food and Agriculture","North Carolina State University at Raleigh",26048783.45
"National Institute of Food and Agriculture","University of California-Davis",25037719.55
"National Institute of Standards and Technology","University of Colorado Boulder",21637664.89
"National Institute of Standards and Technology","University of Maryland-College Park",18325211.46
"National Institute of Standards and Technology","University of Delaware",12435381.82
"National Institute of Standards and Technology","The University of Texas at Arlington",6805689
"National Institute of Standards and Technology","Iowa State University",6139681.68
"National Institutes of Health","Harvard University",797955567.39
"National Institutes of Health","Johns Hopkins University",691242908.14
"National Institutes of Health","University of California-San Francisco",638295529.28
"National Institutes of Health","University of Michigan-Ann Arbor",561478375
"National Institutes of Health","University of Pittsburgh-Pittsburgh Campus",527628098.36
"National Oceanic and Atmospheric Administration","University of Colorado Boulder",60588068.69
"National Oceanic and Atmospheric Administration","University of Oklahoma-Norman Campus",34374158.15
"National Oceanic and Atmospheric Administration","University of Washington",34073464.64
"National Oceanic and Atmospheric Administration","University of California-San Diego",29785229.19
"National Oceanic and Atmospheric Administration","University of Maryland-College Park",27422738.47
"National Park Service","Colorado State University-Fort Collins",6168182.31
"National Park Service","University of California-Davis",4535236.39
"National Park Service","Florida International University",2264996.55
"National Park Service","University of Arizona",1868649.56
"National Park Service","University of New Mexico-Main Campus",1355694.41
"National Protection and Programs Directorate","Pardee RAND Graduate School",3335595.49
"National Science Foundation","The University of Texas at Austin",141069497
"National Science Foundation","Cornell University",122636280
"National Science Foundation","Oregon State University",121563707
"National Science Foundation","Texas A & M University-College Station",119563122
"National Science Foundation","University of California-San Diego",113327686
"National Transportation Safety Board","Northwestern University",73425
"National Transportation Safety Board","University of Wisconsin-Madison",24885.58
"Natural Resources Conservation Service","University of Nebraska-Lincoln",34080
"Natural Resources Conservation Service","The University of Montana",25000
"Natural Resources Conservation Service","University of Alaska Fairbanks",25000
"Natural Resources Conservation Service","Elizabethtown College",20104
"Natural Resources Conservation Service","Purdue University-Main Campus",9386.2
"Nuclear Regulatory Commission","Pennsylvania State University",999672
"Nuclear Regulatory Commission","University of Florida",992034
"Nuclear Regulatory Commission","Clemson University",976613
"Nuclear Regulatory Commission","Massachusetts Institute of Technology",873712.92
"Nuclear Regulatory Commission","Virginia Commonwealth University",800998.59
"Occupational Safety and Health Administration","University of Wisconsin-Madison",4400785
"Occupational Safety and Health Administration","University of South Florida",2335692.22
"Occupational Safety and Health Administration","Indiana University of Pennsylvania-Main Campus",1844939.07
"Occupational Safety and Health Administration","Georgia Institute of Technology-Main Campus",1456194
"Occupational Safety and Health Administration","The University of Alabama",1067959
"Office of Assistant Secretary for Health","The University of Texas Health Science Center at San Antonio",3097680
"Office of Assistant Secretary for Health","University of Puerto Rico-Medical Sciences",2488000
"Office of Assistant Secretary for Health","Morehouse School of Medicine",1715872
"Office of Assistant Secretary for Health","University of Southern California",1399666
"Office of Assistant Secretary for Health","University of Missouri-Kansas City",1392000
"Office of Assistant Secretary for Preparedness and Response","Boston University",55000000
"Office of Assistant Secretary for Preparedness and Response","University of Maryland, Baltimore",8852722
"Office of Assistant Secretary for Preparedness and Response","Emory University",5422147
"Office of Assistant Secretary for Preparedness and Response","Florida International University",4838277.13
"Office of Assistant Secretary for Preparedness and Response","Massachusetts General Hospital Dietetic Internship",3000000
"Office of Economic Adjustment","Wichita State University",2466536
"Office of Economic Adjustment","University of Illinois at Chicago",2397270
"Office of Economic Adjustment","The University of Texas at Arlington",1980041
"Office of Economic Adjustment","University of Southern Mississippi",1800000
"Office of Economic Adjustment","University of Mississippi",1323220
"Office of Government-wide Policy","Carnegie Mellon University",200000
"Office of Health Affairs","Texas A & M University-College Station",453918.23
"Office of Health Affairs","Kansas State University",400000
"Office of Health Affairs","University of California-San Diego",346875
"Office of Health Affairs","University of Minnesota-Twin Cities",198615.54
"Office of Justice Programs","Pardee RAND Graduate School",10608192.39
"Office of Justice Programs","University of North Texas Health Science Center",8844570.18
"Office of Justice Programs","Johns Hopkins University",5039265.63
"Office of Justice Programs","American University",4223768.01
"Office of Justice Programs","University of Virginia",3223537.12
"Office of Lead Hazard Control and Healthy Homes","Baylor College of Medicine",1000000
"Office of Lead Hazard Control and Healthy Homes","Harvard University",999912
"Office of Lead Hazard Control and Healthy Homes","Columbia University in the City of New York",991572
"Office of Lead Hazard Control and Healthy Homes","Tufts University",779935
"Office of Lead Hazard Control and Healthy Homes","The University of Texas at El Paso",699911
"Office of Personnel Management","University of Virginia",49081.11
"Office of Personnel Management","University of Pennsylvania",37550
"Office of Personnel Management","Boston College",13250
"Office of Surface Mining, Reclamation and Enforcement","Iowa State University",200000
"Office of the Assistant Secretary for Administration","University of Chicago",20730585.38
"Office of the Assistant Secretary for Administration","Johns Hopkins University",10690351.44
"Office of the Assistant Secretary for Administration","Pardee RAND Graduate School",3587031.71
"Office of the Assistant Secretary for Administration","University of Massachusetts-Amherst",2999911.24
"Office of the Assistant Secretary for Administration","University of Michigan-Ann Arbor",1140363.95
"Office of the Assistant Secretary for Administration and Management","American University",788858.98
"Office of the Assistant Secretary for Administration and Management","University of California-Berkeley",499928.85
"Office of the Chief Economist","University of Florida",35000
"Office of the Chief Economist","Colorado State University-Fort Collins",8200
"Office of the Chief Economist","University of Maryland Eastern Shore",6500
"Office of the Chief Information Officer","Pardee RAND Graduate School",285626.77
"Office of the Chief Information Officer","Stanford University",35000
"Office of the Chief Procurement Officer","University of Pennsylvania",490427.82
"Office of the Chief Procurement Officer","California Institute of Technology",237258.03
"Office of the Comptroller of the Currency","University of Chicago",92593
"Office of the Comptroller of the Currency","University of Pennsylvania",49535
"Office of the Inspector General","University of Minnesota-Twin Cities",25000
"Office of the Inspector General","Johns Hopkins University",24647.09
"Office of the Inspector General","University of Central Oklahoma",6086
"Office of the National Drug Control Policy","Mercyhurst University",8067680.12
"Office of the National Drug Control Policy","University of Baltimore",7896802.2
"Office of the National Drug Control Policy","George Mason University",7022349.67
"Office of the National Drug Control Policy","University of Wisconsin-Milwaukee",1576302.63
"Office of the National Drug Control Policy","American University of Puerto Rico",1343569.49
"Office of the Secretary","University of Maryland-College Park",1400
"Office of the Under Secretary for Management","Pardee RAND Graduate School",2366215.68
"Office of the Under Secretary for Management","Texas A & M University-College Station",449649
"Office of the Under Secretary for Science and Technology","Pardee RAND Graduate School",8828822.68
"Office of the Under Secretary for Science and Technology","University of Southern California",3496405.72
"Office of the Under Secretary for Science and Technology","Duke University",2665117
"Office of the Under Secretary for Science and Technology","Stevens Institute of Technology",1862858
"Office of the Under Secretary for Science and Technology","University of California-San Diego",1640000
"Offices, Boards and Divisions","Texas State University",8707899
"Offices, Boards and Divisions","Southwestern College",750000
"Offices, Boards and Divisions","Asnuntuck Community College",749510
"Offices, Boards and Divisions","East Central University",600000
"Offices, Boards and Divisions","Edmonds Community College",550000
"Peace Corps","Rutgers University-New Brunswick",37765.08
"Peace Corps","The University of Texas at El Paso",36612
"Peace Corps","University of Arizona",34640
"Peace Corps","University of Washington",34589.67
"Peace Corps","California State University-Long Beach",31730
"Pension Benefit Guaranty Corporation","University of Chicago",28152
"Pipeline and Hazardous Materials Safety Administration","Colorado School of Mines",1608871.45
"Pipeline and Hazardous Materials Safety Administration","Texas A & M University-College Station",942120
"Pipeline and Hazardous Materials Safety Administration","North Dakota State University-Main Campus",907221
"Pipeline and Hazardous Materials Safety Administration","Arizona State University-Tempe",400000
"Pipeline and Hazardous Materials Safety Administration","Missouri University of Science and Technology",302214
"President's Committee on Employment of the Handicapped","West Virginia University",2828861
"President's Committee on Employment of the Handicapped","Pellissippi State Community College",1028000
"President's Committee on Employment of the Handicapped","Onondaga Community College",978453
"Public Buildings Service","Pennsylvania State University",482700.52
"Public Buildings Service","The University of Texas at Austin",40595
"Public Buildings Service","University of Washington",27000
"Public Buildings Service","Sonoma State University",24840
"Public Buildings Service","University of Florida",22387.5
"Risk Management Agency","University of Minnesota-Twin Cities",81250
"Rural Business Cooperative Service","New York Institute of Technology",828748
"Rural Business Cooperative Service","Ashland Community and Technical College",586113
"Rural Business Cooperative Service","Dyersburg State Community College",476280
"Rural Business Cooperative Service","The University of Texas Rio Grande Valley",374470
"Rural Business Cooperative Service","Nebraska Indian Community College",300680
"Rural Housing Service","Ohio College of Massotherapy Inc",606325
"Rural Housing Service","University of Kentucky",229178
"Rural Housing Service","University of Chicago",219662
"Rural Housing Service","United Tribes Technical College",185900
"Rural Housing Service","Aaniiih Nakoda College",129000
"Rural Utilities Service","Northeastern Technical College",999866
"Rural Utilities Service","Southwest Texas Junior College",973177
"Rural Utilities Service","United Tribes Technical College",846000
"Rural Utilities Service","North Carolina Central University",788521
"Rural Utilities Service","Abraham Baldwin Agricultural College",500000
"Securities and Exchange Commission","Pardee RAND Graduate School",976685
"Securities and Exchange Commission","Georgetown University",181275
"Securities and Exchange Commission","University of Chicago",100000
"Securities and Exchange Commission","University of Pennsylvania",71635
"Securities and Exchange Commission","University of New Mexico-Main Campus",42538
"Small Business Administration","SUNY at Albany",7554759.36
"Small Business Administration","The University of West Florida",7329105.84
"Small Business Administration","Humboldt State University",5232797.05
"Small Business Administration","Long Beach City College",4312921
"Small Business Administration","Grand Valley State University",3952831.6
"Smithsonian Institution","University of Arizona",1238835
"Smithsonian Institution","George Washington University",405250
"Smithsonian Institution","Harvard University",284547.31
"Smithsonian Institution","University of Hawaii at Manoa",241675
"Smithsonian Institution","University of California-Los Angeles",225000
"Social Security Administration","Virginia Commonwealth University",4327583
"Social Security Administration","Boston College",2424301
"Social Security Administration","University of Michigan-Ann Arbor",2151524
"Social Security Administration","University of Wisconsin-Madison",2106922
"Social Security Administration","The University of Alabama",543440
"Substance Abuse and Mental Health Services Administration","University of Maryland, Baltimore",9253114
"Substance Abuse and Mental Health Services Administration","University of California-Los Angeles",8822034
"Substance Abuse and Mental Health Services Administration","University of California-San Francisco",4756403
"Substance Abuse and Mental Health Services Administration","University of Wisconsin-Madison",4628879
"Substance Abuse and Mental Health Services Administration","Rutgers University-New Brunswick",4362674
"The Council of the Inspectors General on Integrity and Efficiency","American University",480000
"The Council of the Inspectors General on Integrity and Efficiency","Georgetown University",29000
"Transportation Security Administration","American University",2641310
"Transportation Security Administration","Stanford University",2394651.79
"Transportation Security Administration","Pardee RAND Graduate School",1408839.16
"Transportation Security Administration","Duke University",1305152
"Transportation Security Administration","Rutgers University-New Brunswick",536225.09
"U.S. Army Corps of Engineers - Civil Program Financing Only","University of Colorado Boulder",488559
"U.S. Army Corps of Engineers - Civil Program Financing Only","University of Puerto Rico-Mayaguez",426965.48
"U.S. Army Corps of Engineers - Civil Program Financing Only","Truckee Meadows Community College",365839
"U.S. Army Corps of Engineers - Civil Program Financing Only","University of California-San Diego",337075.69
"U.S. Army Corps of Engineers - Civil Program Financing Only","University of Illinois at Urbana-Champaign",273466.54
"U.S. Census Bureau","Georgetown University",398120
"U.S. Census Bureau","University of Guam",188500
"U.S. Census Bureau","University of Cincinnati",119357
"U.S. Census Bureau","Purdue University-Main Campus",101754
"U.S. Census Bureau","Cornell University",7461
"U.S. Citizenship and Immigration Services","George Washington University",141471
"U.S. Citizenship and Immigration Services","George Mason University",9624
"U.S. Coast Guard","Pardee RAND Graduate School",2419433.02
"U.S. Coast Guard","Texas A & M University-College Station",121500
"U.S. Coast Guard","Hazelden Betty Ford Graduate School of Addiction Studies",74700
"U.S. Coast Guard","Massachusetts Institute of Technology",50400
"U.S. Coast Guard","Vanderbilt University",28495.41
"U.S. Customs and Border Protection","Johns Hopkins University",13124000
"U.S. Customs and Border Protection","Utah State University",4100114
"U.S. Customs and Border Protection","Pardee RAND Graduate School",2465703.97
"U.S. Customs and Border Protection","Rio Hondo College",705440
"U.S. Customs and Border Protection","University of Southern California",700000
"U.S. Fish and Wildlife Service","University of Delaware",2447109.02
"U.S. Fish and Wildlife Service","Virginia Polytechnic Institute and State University",1914273.16
"U.S. Fish and Wildlife Service","University of California-Davis",1406778.11
"U.S. Fish and Wildlife Service","Texas A & M University-College Station",929619.56
"U.S. Fish and Wildlife Service","Saint Mary's University of Minnesota",860228
"U.S. Geological Survey","University of Alaska Fairbanks",7136370.66
"U.S. Geological Survey","University of Arizona",3918439.85
"U.S. Geological Survey","California State University-Sacramento",3709708.92
"U.S. Geological Survey","California Institute of Technology",3660662.77
"U.S. Geological Survey","University of California-Berkeley",3385212.56
"U.S. Immigration and Customs Enforcement","Johns Hopkins University",566017.52
"U.S. Immigration and Customs Enforcement","University of Maryland-College Park",75000
"U.S. Immigration and Customs Enforcement","Virginia Polytechnic Institute and State University",50748
"U.S. Immigration and Customs Enforcement","Vermont Technical College",36470
"U.S. Immigration and Customs Enforcement","Milwaukee School of Engineering",7334
"U.S. Marshals Service","Johns Hopkins University",152083
"U.S. Marshals Service","Houston Community College",5600
"U.S. Secret Service","Pardee RAND Graduate School",2094631.54
"U.S. Secret Service","Johns Hopkins University",265440
"U.S. Secret Service","University of Tulsa",250000
"U.S. Secret Service","George Washington University",140016.8
"U.S. Secret Service","American University",9379.08
"U.S. Special Operations Command","Johns Hopkins University",17322675.75
"U.S. Special Operations Command","The University of Tennessee-Knoxville",145973
"U.S. Special Operations Command","University of Alabama at Birmingham",125226
"U.S. Special Operations Command","Delgado Community College",5200
"U.S. Special Operations Command","East Carolina University",5000
"Under Secretary for Benefits/Veterans Benefits Administration","Saint Ambrose University",22553
"Under Secretary for Benefits/Veterans Benefits Administration","Auburn University",17424
"Under Secretary for Health/Veterans Health Administration","University of Vermont",1592758
"Under Secretary for Health/Veterans Health Administration","Clemson University",127652
"Under Secretary for Health/Veterans Health Administration","University of Utah",126000
"Under Secretary for Health/Veterans Health Administration","The University of Tennessee-Chattanooga",100000
"Under Secretary for Health/Veterans Health Administration","University of New Hampshire-Main Campus",80000
"Uniformed Services University of the Health Sciences","Boston University",3335996
"Uniformed Services University of the Health Sciences","George Mason University",1990006
"Uniformed Services University of the Health Sciences","University of Washington",572858
"Uniformed Services University of the Health Sciences","Washington State University",443007
"Uniformed Services University of the Health Sciences","University of Maryland-College Park",312621.2
"United States Chemical Safety Board","Harvard University",10300
"Veterans Employment and Training Services","Orleans Technical College",70299
"Veterans Employment and Training Services","University of Northern Colorado",6704.68
"Washington Headquarters Services","Texas A & M University-College Station",17273300
"Washington Headquarters Services","University of Hawaii at Manoa",11070760
"Washington Headquarters Services","Georgia Institute of Technology-Main Campus",992870.32
"Washington Headquarters Services","Johns Hopkins University",451434
"Washington Headquarters Services","Virginia Polytechnic Institute and State University",296864
